auction_id,item,starting_bid,highest_bid,highest_bidder,status,participants,end_time
0106abf8-13f0-46a4-864a-9f3bd20ed3d7,bike,1000.0,1400.0,42857000,closed,,1770802775.1414201
7e3dc44a-bf9a-4406-8dee-e5643882f9d0,bike,1000.0,1200.0,42857000,closed,42857000,1770802895.275742
